STR_ESID;STN_LABEL;ZIP_LABEL;COM_FOSNR;COM_NAME;COM_CANTON;STR_TYPE;STR_STATUS;STR_OFFICIAL;STR_MODIFIED;STR_EASTING;STR_NORTHING
10183690;Rue des Longs-Champs;2822 Courroux;6709;Courroux;JU;Street;real;true;27.09.2023;2595694;1245159
10052846;Rue de la Gare;2345 Les Breuleux;6743;Les Breuleux;JU;Street;real;true;27.09.2023;2566955;1228864
10124231;Rue du Stand;2800 Delémont;6711;Delémont;JU;Street;real;true;27.09.2023;2592741;1245746
10148118;Route de Lucelle;2947 Charmoille;6810;La Baroche;JU;Street;real;true;27.09.2023;2584297;1252757
10188122;Rue Saint Hubert;2854 Bassecourt;6729;Haute-Sorne;JU;Street;real;true;27.09.2023;2584428;1242709
10099876;Les Epenattes;2853 Courfaivre;6729;Haute-Sorne;JU;Street;real;true;27.09.2023;2588811;1242327
10124230;Place de la Poste;2800 Delémont;6711;Delémont;JU;Street;real;true;27.09.2023;2593189;1245682
10135494;Route de Buix;2915 Bure;6778;Bure;JU;Street;real;true;27.09.2023;2567787;1256025
10099427;Les Esserts;2340 Le Noirmont;6754;Le Noirmont;JU;Street;real;true;27.09.2023;2562670;1229335
10079514;Route du Moulin des Lavoirs;2882 St-Ursanne;6808;Clos du Doubs;JU;Street;real;true;27.09.2023;2578194;1245505
10099167;Route de Besançon;2906 Chevenez;6809;Haute-Ajoie;JU;Street;real;true;27.09.2023;2565757;1248910
10100170;Rue du Vieux-Moulin;2852 Courtételle;6710;Courtételle;JU;Street;real;true;27.09.2023;2590209;1243263
10084033;Rue de la Liberté;2802 Develier;6712;Develier;JU;Street;real;true;27.09.2023;2589069;1245020
10261314;Chemin de la Montaneire;1304 Senarclens;5499;Senarclens;VD;Street;real;true;24.02.2024;2526684;1160676
10261271;Place de la Gare;1032 Romanel-sur-Lausanne;5592;Romanel-sur-Lausanne;VD;Place;real;true;24.02.2024;2535954;1157172
10261374;Chemin de la Rochette;1431 Novalles;5564;Novalles;VD;Street;real;true;24.02.2024;2535435;1186934
10260841;Chemin des Ritettes;1095 Lutry;5606;Lutry;VD;Street;real;true;24.02.2024;2542520;1150258
10255563;Ziegelbachstrasse;4950 Huttwil;954;Huttwil;BE;;real;true;24.02.2024;2632309;1217915
10261400;Hintereschneitweg;3778 Schönried;843;Saanen;BE;Street;real;true;24.02.2024;2586134;1154778
10100387;Route de Courroux;2824 Vicques;6730;Val Terbi;JU;Street;real;true;27.09.2023;2597194;1244617
10105223;Rue des Labours;2800 Delémont;6711;Delémont;JU;Street;real;true;27.09.2023;2593239;1246923
10186750;Route de Moutier;2800 Delémont;6711;Delémont;JU;Street;real;true;27.09.2023;2594247;1245228
10223441;Route de Bure;2916 Fahy;6789;Fahy;JU;Street;real;true;27.09.2023;2564518;1252233
10188397;Essert Perrin;2718 Lajoux JU;6750;Lajoux (JU);JU;Street;real;true;27.09.2023;2578235;1236569
10083006;Route de Recolaine;2824 Vicques;6730;Val Terbi;JU;Street;real;true;27.09.2023;2598948;1244348
10053993;Morbez;2826 Corban;6730;Val Terbi;JU;Street;real;true;27.09.2023;2603256;1243949
10100167;Rue Saint-Maurice;2852 Courtételle;6710;Courtételle;JU;Street;real;true;27.09.2023;2590960;1244129
10053011;Quai de la Sorne;2800 Delémont;6711;Delémont;JU;Street;real;true;27.09.2023;2593173;1245779
10182360;La Cornand;2843 Châtillon JU;6704;Châtillon (JU);JU;Street;real;true;27.09.2023;2592695;1241904
10053012;Route de Courroux;2800 Delémont;6711;Delémont;JU;Street;real;true;27.09.2023;2594341;1245688
10100142;Rue de la Prévôté;2830 Courrendlin;6708;Courrendlin;JU;Street;real;true;27.09.2023;2594867;1242693
10077144;Milieu du Village;2923 Courtemaîche;6807;Basse-Allaine;JU;Street;real;true;27.09.2023;2570529;1256366
10113453;Chemin de la Dîme;2802 Develier;6712;Develier;JU;Street;real;true;27.09.2023;2588907;1244757
10113448;Route de Porrentruy;2800 Delémont;6711;Delémont;JU;Street;real;true;27.09.2023;2592090;1245486
10084008;Impasse Cherche-Midi;2800 Delémont;6711;Delémont;JU;Street;real;true;27.09.2023;2592916;1246089
10104955;Route Principale;2825 Courchapoix;6706;Courchapoix;JU;Street;real;true;27.09.2023;2601088;1244190
10211865;Passage du Praî à Prêtre;2915 Bure;6778;Bure;JU;Street;real;true;27.09.2023;2567560;1254312
10140838;Im Garten;4419 Lupsingen;2830;Lupsingen;BL;Street;real;true;27.09.2023;2619360;1255205
10049803;Rue des Draizes;2000 Neuchâtel;6458;Neuchâtel;NE;Street;real;true;27.09.2023;2559358;1204404
10010198;Stationsstrasse;6023 Rothenburg;1040;Rothenburg;LU;Street;real;true;27.09.2023;2662482;1216470
10074385;Hauptstrasse;6034 Inwil, 6038 Gisikon;1033;Inwil;LU;Street;real;true;26.09.2023;2670545;1219404
10011320;Sempachstrasse;6203 Sempach Station;1093;Neuenkirch;LU;Street;real;true;27.09.2023;2657343;1218792
10085635;Rosengartenstrasse;6023 Rothenburg;1040;Rothenburg;LU;Street;real;true;27.09.2023;2662492;1216832
10047826;Rue de la Chapelle;2035 Corcelles NE;6458;Neuchâtel;NE;Street;real;true;20.04.2024;2556585;1203888
10079477;Le Chemin-Perdu;2300 La Chaux-de-Fonds;6421;La Chaux-de-Fonds;NE;Street;real;true;02.05.2024;2552029;1216122
10111024;Glattfelderstrasse;8187 Weiach;102;Weiach;ZH;Street;real;true;27.09.2023;2676330;1268458
10183139;Chemin de Biolet;2043 Boudevilliers;6487;Val-de-Ruz;NE;Street;real;true;20.04.2024;2558391;1208143
10208790;Klausenstrasse;6465 Unterschächen;1219;Unterschächen;UR;Street;real;true;27.09.2023;2704167;1192085
10031460;Villmergerstrasse;5610 Wohlen AG;4082;Wohlen (AG);AG;Street;real;true;27.09.2023;2662267;1244553
10152672;Gibelbach;5647 Oberrüti;4237;Oberrüti;AG;Street;real;true;27.09.2023;2672379;1224244
10099380;Rue du Littoral;2025 Chez-le-Bart;6417;La Grande Béroche;NE;Street;real;true;20.04.2024;2550891;1195276
10111615;Gotthardstrasse;6487 Göschenen;1208;Göschenen;UR;Street;real;true;27.09.2023;2687897;1168443
10101561;Muhenstrasse;5036 Oberentfelden;4010;Oberentfelden;AG;Street;real;true;27.09.2023;2646101;1244632
10096973;Parallelstrasse;5606 Dintikon;4194;Dintikon;AG;Street;real;true;27.09.2023;2659606;1247220
10157127;Kehrstrasse;5606 Dintikon;4194;Dintikon;AG;Street;real;true;27.09.2023;2659764;1247443
10031139;Industriestrasse;5610 Wohlen AG;4082;Wohlen (AG);AG;Street;real;true;27.09.2023;2662096;1244826
10163746;Marktgasse;5436 Würenlos;4048;Würenlos;AG;Street;real;true;27.09.2023;2669695;1255102
10095598;Luzernerstrasse;5643 Sins;4239;Sins;AG;Street;real;true;27.09.2023;2672570;1226826
10031232;Birrfeldstrasse;5244 Birrhard;4093;Birrhard;AG;Street;real;true;27.09.2023;2660472;1253748
10078442;Aeschwuhrstrasse;4665 Oftringen, 4800 Zofingen;4280;Oftringen;AG;Street;real;true;27.09.2023;2637165;1238818
10041415;Rue Robert-De-TRAZ;1206 Genève;6621;Genève;GE;Street;real;true;27.09.2023;2501574;1116625
10102598;Route de Vandoeuvres;1223 Cologny;6617;Cologny;GE;Street;real;true;27.09.2023;2503232;1118682
10097101;Route de Cartigny;1236 Cartigny;6609;Cartigny;GE;Street;real;true;27.09.2023;2491281;1114399
10102606;Route de la Galaise;1232 Confignon;6618;Confignon;GE;Street;real;true;27.09.2023;2496580;1114148
10105167;Route d'Aire-la-Ville;1233 Bernex;6607;Bernex;GE;Street;real;true;27.09.2023;2494287;1115182
10221582;Place du Dizenier;1226 Thônex;6640;Thônex;GE;Place;real;true;27.09.2023;2505333;1117710
10048688;Route du Camp;1212 Grand-Lancy, 1228 Plan-les-Ouates;6633;Plan-les-Ouates;GE;Street;real;true;27.09.2023;2498592;1113657
10221579;Place des Métayers;1226 Thônex;6640;Thônex;GE;Place;real;true;27.09.2023;2505400;1117815
10107476;Route de Jussy;1241 Puplinge;6636;Puplinge;GE;Street;real;true;27.09.2023;2506387;1117955
10054087;Route de Pré-Bois;1214 Vernier;6643;Vernier;GE;Street;real;true;27.09.2023;2496437;1119667
10102485;Chemin Terroux;1218 Le Grand-Saconnex;6623;Le Grand-Saconnex;GE;Street;real;true;27.09.2023;2497710;1120298
10046533;Chemin de Machéry;1292 Chambésy;6634;Pregny-Chambésy;GE;Street;real;true;27.09.2023;2498991;1122319
10192115;Route de Lausanne;1292 Chambésy;6634;Pregny-Chambésy;GE;Street;real;true;27.09.2023;2500640;1121871
10048571;Rue de Lancy;1227 Carouge GE;6608;Carouge (GE);GE;Street;real;true;27.09.2023;2499568;1116047
10059520;Route de Collex;1239 Collex;6615;Collex-Bossy;GE;Street;real;true;27.09.2023;2499048;1125110
10041502;La-Renfile;1254 Jussy;6626;Jussy;GE;Street;real;true;27.09.2023;2511613;1119867
10179443;Chemin des Bornaches;1258 Perly;6632;Perly-Certoux;GE;Street;real;true;27.09.2023;2495091;1112594
10048661;Chemin du Pont-du-Centenaire;1228 Plan-les-Ouates;6633;Plan-les-Ouates;GE;Street;real;true;27.09.2023;2497370;1113860
10103395;Route de Lausanne;1294 Genthod;6622;Genthod;GE;Street;real;true;27.09.2023;2501496;1124317
10124820;Route du Mandement;1283 Dardagny, 1283 La Plaine;6620;Dardagny;GE;Street;real;true;27.09.2023;2488196;1117122
10107505;Rue de Genève;1226 Thônex;6640;Thônex;GE;Street;real;true;27.09.2023;2504629;1116454
10048607;Chemin de Grange-Canal;1208 Genève, 1224 Chêne-Bougeries;6612;Chêne-Bougeries;GE;Street;real;true;27.09.2023;2502551;1117461
10049106;Route d'Hermance;1246 Corsier GE;6619;Corsier (GE);GE;Street;real;true;27.09.2023;2505746;1124580
10181556;Rue du Cardinal-JOURNET;1217 Meyrin;6630;Meyrin;GE;Street;real;true;27.09.2023;2495433;1120131
10048844;Route d'Avully;1237 Avully;6603;Avully;GE;Street;real;true;27.09.2023;2489107;1114030
10059525;Route d'Hermance;1222 Vésenaz, 1245 Collonge-Bellerive;6616;Collonge-Bellerive;GE;Street;real;true;27.09.2023;2504595;1122813
10049024;Rue de Genève;1225 Chêne-Bourg;6613;Chêne-Bourg;GE;Street;real;true;27.09.2023;2504080;1116598
10049081;Route de Chancy;1232 Confignon;6618;Confignon;GE;Street;real;true;27.09.2023;2495992;1115121
10101352;Route de Malagnou;1208 Genève;6621;Genève;GE;Street;real;true;27.09.2023;2501648;1116922
10046840;Route de La-Chapelle;1212 Grand-Lancy;6628;Lancy;GE;Street;real;true;27.09.2023;2499240;1114283
10222368;Route de Collex;1293 Bellevue;6606;Bellevue;GE;Street;real;true;27.09.2023;2500092;1124124
10046565;Route du Mandement;1281 Russin;6637;Russin;GE;Street;real;true;27.09.2023;2489997;1116330
10048594;Route de Crassier;1298 Céligny;6610;Céligny;GE;Street;real;true;27.09.2023;2503760;1134614
10049091;Chemin des Marais;1232 Confignon;6618;Confignon;GE;Street;real;true;27.09.2023;2496026;1114550
10177250;Route des Romelles;1293 Bellevue;6606;Bellevue;GE;Street;real;true;27.09.2023;2500450;1122905
10048839;Route de Veigy;1247 Anières;6602;Anières;GE;Street;real;true;27.09.2023;2507953;1124128
10083553;Route de Vandoeuvres;1253 Vandoeuvres;6642;Vandoeuvres;GE;Street;real;true;27.09.2023;2504171;1119219
10163377;Chemin de l'Escapade;1222 Vésenaz;6616;Collonge-Bellerive;GE;Street;real;true;27.09.2023;2504802;1122209
10048691;Avenue APPIA;1202 Genève, 1292 Chambésy;6634;Pregny-Chambésy;GE;Street;real;true;27.09.2023;2499314;1120967
10041510;Chemin de la Douane;1287 Laconnex;6627;Laconnex;GE;Street;real;true;27.09.2023;2492632;1112780
10107495;Chemin de Floraire;1226 Thônex;6640;Thônex;GE;Street;real;true;27.09.2023;2503777;1116267
10221591;Place du Métral;1226 Thônex;6640;Thônex;GE;Place;real;true;27.09.2023;2505421;1117756
10175712;Route de Lausanne;1293 Bellevue;6606;Bellevue;GE;Street;real;true;27.09.2023;2500782;1123146
10048147;Chemin de la Caille;1252 Meinier;6629;Meinier;GE;Street;real;true;27.09.2023;2505688;1122175
10046820;Route des Rupettes;1287 Laconnex;6627;Laconnex;GE;Street;real;true;27.09.2023;2491568;1112620
10048549;Route du Merley;1233 Bernex, 1236 Cartigny;6607;Bernex;GE;Street;real;true;27.09.2023;2493056;1114400
10107504;Route de Malagnou;1226 Thônex;6640;Thônex;GE;Street;real;true;27.09.2023;2503668;1116172
10054089;Route du Nant-d'Avril;1214 Vernier;6643;Vernier;GE;Street;real;true;27.09.2023;2495773;1119614
10048565;Rue Caroline;1227 Carouge GE;6608;Carouge (GE);GE;Street;real;true;27.09.2023;2499611;1116001
10059516;Avenue PETIT-SENN;1225 Chêne-Bourg, 1226 Thônex;6613;Chêne-Bourg;GE;Street;real;true;27.09.2023;2504025;1116437
10097107;Route de Chancy;1284 Chancy;6611;Chancy;GE;Street;real;true;27.09.2023;2488869;1112556
10082179;Route du Mandement;1217 Meyrin;6630;Meyrin;GE;Street;real;true;27.09.2023;2493628;1120697
10050170;Route de Chancy;1233 Bernex, 1236 Cartigny;6607;Bernex;GE;Street;real;true;27.09.2023;2493995;1114753
10181545;Rue de Bernex;1232 Confignon, 1233 Bernex;6607;Bernex;GE;Street;real;true;27.09.2023;2494446;1114609
10182352;Route de Veyrier;1234 Vessy, 1255 Veyrier;6645;Veyrier;GE;Street;real;true;27.09.2023;2502126;1114284
10041222;Voie-des-Traz;1215 Genève, 1218 Le Grand-Saconnex;6623;Le Grand-Saconnex;GE;Street;real;true;27.09.2023;2498122;1121556
10106850;Route de la Galaise;1228 Plan-les-Ouates;6633;Plan-les-Ouates;GE;Street;real;true;27.09.2023;2496954;1113606
10051183;Route Blanche;1226 Thônex;6640;Thônex;GE;Street;real;true;27.09.2023;2504329;1116095
10061244;Avenue de Thônex;1225 Chêne-Bourg, 1226 Thônex;6640;Thônex;GE;Street;real;true;27.09.2023;2503563;1115465
10155370;Route François-PEYROT;1218 Le Grand-Saconnex;6623;Le Grand-Saconnex;GE;Street;real;true;27.09.2023;2497966;1121214
10048046;Chemin Frank-THOMAS;1223 Cologny;6617;Cologny;GE;Street;real;true;27.09.2023;2502568;1117688
10041490;Route d'Hermance;1248 Hermance;6625;Hermance;GE;Street;real;true;27.09.2023;2507831;1127720
10020573;Passage Oublié;1258 Perly;6632;Perly-Certoux;GE;Street;real;true;27.09.2023;2495127;1112389
10160901;Place du Mandement;1281 Russin;6637;Russin;GE;Place;real;true;27.09.2023;2489995;1116176
10097080;Route de Laconnex;1233 Bernex;6607;Bernex;GE;Street;real;true;27.09.2023;2493180;1113659
10221559;Cour de l'Emine;1226 Thônex;6640;Thônex;GE;Street;real;true;27.09.2023;2505445;1117610
10156831;Route de Malagnou;1225 Chêne-Bourg;6613;Chêne-Bourg;GE;Street;real;true;27.09.2023;2503423;1116194
10061249;Route d'Annecy;1256 Troinex, 1257 La Croix-de-Rozon;6641;Troinex;GE;Street;real;true;27.09.2023;2499599;1112061
10113420;Route de Jussy;1226 Thônex;6640;Thônex;GE;Street;real;true;27.09.2023;2505056;1116936
10049065;Chemin de Planta;1223 Cologny;6617;Cologny;GE;Street;real;true;27.09.2023;2503524;1118907
10235315;Chemin des Béatrix;1248 Hermance;6625;Hermance;GE;Street;real;true;27.09.2023;2507997;1128018
10048863;Route d'Annecy;1257 La Croix-de-Rozon;6605;Bardonnex;GE;Street;real;true;27.09.2023;2499214;1111037
10179376;Route des Hospitaliers;1257 La Croix-de-Rozon;6605;Bardonnex;GE;Street;real;true;27.09.2023;2498837;1111615
10095719;Route de Chancy;1237 Avully;6603;Avully;GE;Street;real;true;27.09.2023;2490361;1113417
10041047;La Vy-des-Champs;1202 Genève;6621;Genève;GE;Street;real;true;27.09.2023;2499594;1120554
10041210;Chemin Jacques-ATTENVILLE;1218 Le Grand-Saconnex;6623;Le Grand-Saconnex;GE;Street;real;true;27.09.2023;2498024;1120436
10096017;Route de Monniaz;1254 Jussy;6626;Jussy;GE;Street;real;true;27.09.2023;2511601;1121648
10102487;Chemin des Corbillettes;1218 Le Grand-Saconnex;6623;Le Grand-Saconnex;GE;Street;real;true;27.09.2023;2497722;1120054
10101269;Route de Malagnou;1224 Chêne-Bougeries;6612;Chêne-Bougeries;GE;Street;real;true;27.09.2023;2502807;1116529
10221520;Route du Nant-d'Avril;1242 Satigny;6638;Satigny;GE;Street;real;true;27.09.2023;2493346;1120371
10175639;Avenue Adrien-JEANDIN;1226 Thônex;6640;Thônex;GE;Street;real;true;27.09.2023;2504512;1116207
10048675;Chemin des Charrotons;1228 Plan-les-Ouates;6633;Plan-les-Ouates;GE;Street;real;true;27.09.2023;2496737;1114355
10108343;Route de Vessy;1234 Vessy;6645;Veyrier;GE;Street;real;true;27.09.2023;2501752;1115179
10060117;Route de Mon-Idée;1241 Puplinge;6636;Puplinge;GE;Street;real;true;27.09.2023;2506224;1117510
10212322;Square des Bosquets;1219 Châtelaine;6643;Vernier;GE;Street;real;true;27.09.2023;2496986;1119404
10048686;Route de Saconnex-d'Arve;1228 Plan-les-Ouates, 1257 La Croix-de-Rozon;6633;Plan-les-Ouates;GE;Street;real;true;27.09.2023;2498853;1113360
10048563;Route du Val-d'Arve;1227 Carouge GE;6608;Carouge (GE);GE;Street;real;true;27.09.2023;2500325;1115317
10051192;Chemin de Drize;1256 Troinex;6641;Troinex;GE;Street;real;true;27.09.2023;2499931;1113551
10151261;Place de Pregny;1292 Chambésy;6634;Pregny-Chambésy;GE;Place;real;true;27.09.2023;2499789;1121165
10097096;Rue des Epinettes;1227 Carouge GE;6608;Carouge (GE);GE;Street;real;true;27.09.2023;2499522;1116088
10221599;Place du Traité-de-Turin;1226 Thônex;6640;Thônex;GE;Place;real;true;27.09.2023;2505483;1117632
10048165;Route du Nant-d'Avril;1214 Vernier, 1217 Meyrin;6630;Meyrin;GE;Street;real;true;27.09.2023;2493755;1120203
10051209;Chemin de Planta;1253 Vandoeuvres;6642;Vandoeuvres;GE;Street;real;true;27.09.2023;2503651;1119066
10048847;Route de Chancy;1236 Cartigny, 1285 Athenaz (Avusy);6604;Avusy;GE;Street;real;true;27.09.2023;2488687;1112483
10041503;Route de Jussy;1254 Jussy;6626;Jussy;GE;Street;real;true;27.09.2023;2509257;1121081
10095987;Chemin des Epinglis;1257 La Croix-de-Rozon;6605;Bardonnex;GE;Street;real;true;27.09.2023;2496434;1111452
10041223;Chemin de Machéry;1218 Le Grand-Saconnex;6623;Le Grand-Saconnex;GE;Street;real;true;27.09.2023;2499391;1121591
10106222;Chemin de Grange-Canal;1223 Cologny;6617;Cologny;GE;Street;real;true;27.09.2023;2502785;1117734
10048660;Route de Saint-Julien;1258 Perly;6632;Perly-Certoux;GE;Street;real;true;27.09.2023;2496176;1112438
10080897;Route du Pont-de-la-Fin;1257 La Croix-de-Rozon;6605;Bardonnex;GE;Street;real;true;27.09.2023;2499445;1111149
10048662;Route de Saint-Julien;1228 Plan-les-Ouates;6633;Plan-les-Ouates;GE;Street;real;true;27.09.2023;2497724;1113671
10054095;Avenue de l'Ain;1203 Genève, 1219 Châtelaine;6643;Vernier;GE;Street;real;true;27.09.2023;2497425;1118329
10048597;Chemin de Champlong;1284 Chancy;6611;Chancy;GE;Street;real;true;27.09.2023;2487414;1112053
10048566;Rue Jacques-GROSSELIN;1227 Carouge GE;6608;Carouge (GE);GE;Street;real;true;27.09.2023;2499487;1115291
10059813;Chemin du Pommier;1218 Le Grand-Saconnex;6623;Le Grand-Saconnex;GE;Street;real;true;27.09.2023;2498700;1120703
10084055;Route de Thonon;1246 Corsier GE;6619;Corsier (GE);GE;Street;real;true;27.09.2023;2507046;1124313
10106769;Industriestrasse;4623 Neuendorf;2404;Neuendorf;SO;Street;real;true;27.09.2023;2626029;1240048
10091776;Mieschweg;4710 Balsthal;2422;Balsthal;SO;Street;real;true;27.09.2023;2620534;1240674
10212001;Dürrwälderen;9107 Urnäsch;3006;Urnäsch;AR;Street;real;true;27.09.2023;2735209;1238156
10067444;Färchenlöchli;9107 Urnäsch;3006;Urnäsch;AR;Street;real;true;27.09.2023;2740663;1242317
10031976;Dorfplatz;9056 Gais;3022;Gais;AR;Street;real;true;27.09.2023;2752245;1247682
10122745;Decktenbrunnen;9056 Gais;3022;Gais;AR;Street;real;true;27.09.2023;2754400;1247742
10032147;Tellerli;9107 Urnäsch;3006;Urnäsch;AR;Street;real;true;27.09.2023;2735779;1239109
10032217;Ebni;9053 Teufen AR;3024;Teufen (AR);AR;Street;real;true;27.09.2023;2747384;1250540
10189286;Sitz;9043 Trogen;3025;Trogen;AR;Street;real;true;27.09.2023;2754643;1251056
10031320;Sonder;9063 Stein AR, 9064 Hundwil;3002;Hundwil;AR;Street;real;true;27.09.2023;2743141;1247455
10016370;Archstrasse;2540 Grenchen;2546;Grenchen;SO;Street;real;true;27.09.2023;2597763;1225456
10187904;Bahnstrasse;9104 Waldstatt;3007;Waldstatt;AR;Street;real;true;27.09.2023;2739976;1247244
10189133;Thalstrasse;4714 Aedermannsdorf;2421;Aedermannsdorf;SO;Street;real;true;27.09.2023;2612998;1238374
10091580;Brunnenmadstrasse;6078 Bürglen OW, 6078 Lungern;1405;Lungern;OW;Street;real;true;27.09.2023;2657638;1186028
10260640;Augarten;9314 Steinebrunn;4411;Egnach;TG;Street;real;true;16.04.2024;2743703;1266575
10108015;Hauptstrasse;8232 Merishausen;2936;Merishausen;SH;Street;real;true;27.09.2023;2687882;1290222
10063085;Stöck;9107 Urnäsch;3006;Urnäsch;AR;Street;real;true;27.09.2023;2735366;1238269
10080408;Hauptstrasse;8225 Siblingen;2953;Siblingen;SH;Street;real;true;27.09.2023;2680993;1285428
10031941;Bahnhofstrasse;8215 Hallau;2971;Hallau;SH;Street;real;true;27.09.2023;2676695;1282324
10019669;Gotthardstrasse;6484 Wassen UR;1220;Wassen;UR;Street;real;true;27.09.2023;2688695;1173091
10129036;Ameisenbuck;8215 Hallau;2971;Hallau;SH;Street;real;true;27.09.2023;2676473;1283439
10019859;Gotthardstrasse;6454 Flüelen;1207;Flüelen;UR;Street;real;true;27.09.2023;2690399;1194844
10177705;Axenstrasse;6452 Sisikon;1217;Sisikon;UR;Street;real;true;27.09.2023;2689741;1199215
10186719;Sustenstrasse;6484 Wassen UR, 6485 Meien;1220;Wassen;UR;Street;real;true;27.09.2023;2683121;1176620
10237822;Zollstrasse;8240 Thayngen;2920;Thayngen;SH;Street;real;true;27.09.2023;2695523;1288601
10081165;Gotthardstrasse;6473 Silenen, 6474 Amsteg;1216;Silenen;UR;Street;real;true;27.09.2023;2693756;1183814
10120396;Neunkircherstrasse;8214 Gächlingen;2901;Gächlingen;SH;Street;real;true;27.09.2023;2679662;1283792
10015212;Ringligasse;6460 Altdorf UR;1205;Bürglen (UR);UR;Street;real;true;27.09.2023;2691813;1191885
10019855;Axenstrasse;6454 Flüelen;1207;Flüelen;UR;Street;real;true;27.09.2023;2690167;1197295
10073103;Neunkircherstrasse;8215 Hallau;2971;Hallau;SH;Street;real;true;27.09.2023;2677561;1282995
10117537;Oberer Hof;8214 Gächlingen;2901;Gächlingen;SH;Street;real;true;27.09.2023;2679722;1284292
10165183;Hofgasse;8454 Buchberg;2933;Buchberg;SH;Street;real;true;27.09.2023;2684359;1269725
10113214;Faselroo;8262 Ramsen;2963;Ramsen;SH;Street;real;true;27.09.2023;2703448;1284715
10031523;Zollstrasse;8219 Trasadingen;2973;Trasadingen;SH;Street;real;true;27.09.2023;2674885;1279924
10126885;Zentrum Rössli;5018 Erlinsbach;4005;Erlinsbach (AG);AG;Street;real;true;16.04.2024;2643024;1250624
10046842;Route du Pont-BUTIN;1212 Grand-Lancy, 1213 Petit-Lancy;6628;Lancy;GE;Street;real;true;27.09.2023;2497664;1116162
10101428;Rue CRESPIN;1206 Genève, 1208 Genève;6621;Genève;GE;Street;real;true;27.09.2023;2501225;1116839
10177271;Rue du Stand;1204 Genève, 1205 Genève;6621;Genève;GE;Street;real;true;27.09.2023;2499882;1117739
10048562;Route de Veyrier;1227 Carouge GE;6608;Carouge (GE);GE;Street;real;true;27.09.2023;2500606;1115572
10113879;Oberalpstrasse;6490 Andermatt;1202;Andermatt;UR;Street;real;true;27.09.2023;2690071;1166322
10182973;Aegeristrasse;6340 Baar;1701;Baar;ZG;Street;real;true;27.09.2023;2683839;1225612
10082679;Rue Joseph-GIRARD;1227 Carouge GE;6608;Carouge (GE);GE;Street;real;true;27.09.2023;2499934;1115215
10155818;Pont de la Machine;1204 Genève;6621;Genève;GE;Street;real;true;27.09.2023;2500159;1117943
10017222;Zugerstrasse;6314 Neuägeri, 6314 Unterägeri;1709;Unterägeri;ZG;Street;real;true;27.09.2023;2685903;1221851
10052735;Eschenweg;6314 Unterägeri;1709;Unterägeri;ZG;Street;real;true;27.09.2023;2687389;1220822
10048559;Place SIGISMOND;1227 Carouge GE;6608;Carouge (GE);GE;Street;real;true;27.09.2023;2500145;1115297
10165850;Route de l'Etraz;1290 Versoix;6644;Versoix;GE;Street;real;true;27.09.2023;2500304;1126474
10102676;Quai de l'Ile;1204 Genève;6621;Genève;GE;Street;real;true;27.09.2023;2500072;1117888
10108334;Route de Lausanne;1290 Versoix;6644;Versoix;GE;Street;real;true;27.09.2023;2501966;1125379
10041431;Rue de Montchoisy;1207 Genève;6621;Genève;GE;Street;real;true;27.09.2023;2501426;1117747
10101348;Place de Cornavin;1201 Genève;6621;Genève;GE;Place;real;true;27.09.2023;2499988;1118322
10127860;Hünenbergstrasse;6333 Hünenberg See;1703;Hünenberg;ZG;Street;real;true;27.09.2023;2675933;1226021
10084058;Avenue Ernest-HENTSCH;1207 Genève;6621;Genève;GE;Street;real;true;27.09.2023;2501686;1117762
10106234;Rue Jean-Antoine-GAUTIER;1201 Genève;6621;Genève;GE;Street;real;true;27.09.2023;2500609;1118849
10171916;Dorfstrasse;6377 Seelisberg;1215;Seelisberg;UR;Street;real;true;27.09.2023;2686909;1202277
10101376;Rue de l'Encyclopédie;1201 Genève;6621;Genève;GE;Street;real;true;27.09.2023;2499403;1118108
10179384;Rue de la Gabelle;1227 Carouge GE;6608;Carouge (GE);GE;Street;real;true;27.09.2023;2499230;1116142
10083817;Rue Théodore-De-BÈZE;1204 Genève;6621;Genève;GE;Street;real;true;27.09.2023;2500636;1117384
10122339;Rue Jean-Gabriel-EYNARD;1205 Genève;6621;Genève;GE;Street;real;true;27.09.2023;2500385;1117137
10096342;Route du Grand-Lancy;1212 Grand-Lancy, 1213 Onex;6631;Onex;GE;Street;real;true;27.09.2023;2496805;1115131
10101364;Quai du Seujet;1201 Genève;6621;Genève;GE;Street;real;true;27.09.2023;2499451;1117936
10101424;Avenue de Champel;1205 Genève, 1206 Genève;6621;Genève;GE;Street;real;true;27.09.2023;2500761;1116420
10053877;Route de Suisse;1290 Versoix;6644;Versoix;GE;Street;real;true;27.09.2023;2501935;1127674
10118671;Militärstrasse;8302 Kloten;62;Kloten;ZH;Street;real;true;03.03.2024;2685034;1257704
10244230;Tegitalweg;8302 Kloten;62;Kloten;ZH;Street;real;true;03.03.2024;2684786;1258594
10001115;Ackerstrasse;8302 Kloten;62;Kloten;ZH;Street;real;true;03.03.2024;2686634;1256633
10096021;Avenue Eugène-LANCE;1212 Grand-Lancy;6628;Lancy;GE;Street;real;true;27.09.2023;2498558;1114705
10041701;Rue de Rive;1204 Genève;6621;Genève;GE;Street;real;true;27.09.2023;2500610;1117571
10041114;Cours des Bastions;1205 Genève;6621;Genève;GE;Street;real;true;27.09.2023;2500425;1117048
10193821;Rue des Guillocheurs;1227 Carouge GE;6608;Carouge (GE);GE;Street;real;true;27.09.2023;2499968;1115357
10115978;Rue du Rhône;1204 Genève, 1207 Genève;6621;Genève;GE;Street;real;true;27.09.2023;2500520;1117732
10012725;Sihlbruggstrasse;6340 Baar;1701;Baar;ZG;Street;real;true;27.09.2023;2684754;1229572
10041683;Cours de Rive;1204 Genève, 1207 Genève;6621;Genève;GE;Street;real;true;27.09.2023;2500883;1117474
10083739;Rue de la Fontenette;1227 Carouge GE;6608;Carouge (GE);GE;Street;real;true;27.09.2023;2500175;1115589
10075158;Boulevard des Philosophes;1205 Genève;6621;Genève;GE;Street;real;true;27.09.2023;2500262;1116950
10183384;Rue PRÉVOST-MARTIN;1205 Genève;6621;Genève;GE;Street;real;true;27.09.2023;2500172;1116694
10059559;Rue De-CANDOLLE;1205 Genève;6621;Genève;GE;Street;real;true;27.09.2023;2500147;1117123
10178046;Place CAMOLETTI;1207 Genève;6621;Genève;GE;Place;real;true;27.09.2023;2500952;1117654
10167513;Eichmattstrasse;6330 Cham;1702;Cham;ZG;Street;real;true;27.09.2023;2676514;1225560
10097089;Route des Jeunes;1227 Carouge GE;6608;Carouge (GE);GE;Street;real;true;27.09.2023;2498977;1115437
10104931;Route de Saint-Julien;1212 Grand-Lancy;6628;Lancy;GE;Street;real;true;27.09.2023;2498713;1114355
10051269;Chemin Jean-Baptiste-VANDELLE;1290 Versoix;6644;Versoix;GE;Street;real;true;27.09.2023;2501860;1126308
10102404;Route de Meyrin;1202 Genève, 1203 Genève;6621;Genève;GE;Street;real;true;27.09.2023;2498568;1119045
10097084;Boulevard des Promenades;1227 Carouge GE;6608;Carouge (GE);GE;Street;real;true;27.09.2023;2499564;1115448
10082183;Chemin Gustave-ROCHETTE;1213 Onex;6631;Onex;GE;Street;real;true;27.09.2023;2496777;1115499
10059500;Route des Acacias;1227 Carouge GE;6608;Carouge (GE);GE;Street;real;true;27.09.2023;2498964;1116059
10046822;Avenue du Petit-Lancy;1213 Petit-Lancy;6628;Lancy;GE;Street;real;true;27.09.2023;2497892;1116640
10101407;Quai Ernest-ANSERMET;1205 Genève;6621;Genève;GE;Street;real;true;27.09.2023;2499613;1116741
10040103;Boulevard des Tranchées;1205 Genève, 1206 Genève;6621;Genève;GE;Street;real;true;27.09.2023;2500812;1116989
10101395;Rue de la Croix-Rouge;1204 Genève;6621;Genève;GE;Street;real;true;27.09.2023;2500212;1117379
10153776;Weststrasse;6340 Baar;1701;Baar;ZG;Street;real;true;27.09.2023;2681567;1227599
10082466;Place DORCIÈRE;1201 Genève;6621;Genève;GE;Street;real;true;27.09.2023;2500334;1118272
10175716;Rue du Cercle;1201 Genève;6621;Genève;GE;Street;real;true;27.09.2023;2499715;1118446
10097088;Route de Drize;1227 Carouge GE;6608;Carouge (GE);GE;Street;real;true;27.09.2023;2499614;1114879
10047845;Boulevard Georges-FAVON;1204 Genève;6621;Genève;GE;Street;real;true;27.09.2023;2499883;1117263
10094761;Eggried;6319 Allenwinden;1701;Baar;ZG;Street;real;true;27.09.2023;2684581;1224831
10183159;Promenade du Pin;1204 Genève, 1205 Genève;6621;Genève;GE;Street;real;true;27.09.2023;2500543;1117118
10041423;Route de Chêne;1207 Genève, 1208 Genève;6621;Genève;GE;Street;real;true;27.09.2023;2501923;1117298
10134733;Rue François-D'IVERNOIS;1206 Genève;6621;Genève;GE;Street;real;true;27.09.2023;2500589;1116961
10064838;Aberenterrasse;6340 Baar;1701;Baar;ZG;Street;real;true;27.09.2023;2682178;1228791
10153516;Eichmattstrasse;6333 Hünenberg See;1703;Hünenberg;ZG;Street;real;true;27.09.2023;2676243;1225811
10018224;Chamerstrasse;6343 Holzhäusern ZG, 6343 Rotkreuz;1707;Risch;ZG;Street;real;true;27.09.2023;2675189;1221968
10101368;Rue Guillaume-TELL;1201 Genève;6621;Genève;GE;Street;real;true;27.09.2023;2500188;1118065
10113949;Carrefour de Villereuse;1207 Genève;6621;Genève;GE;Street;real;true;27.09.2023;2501223;1117369
10260879;Moosmattweg;3322 Urtenen-Schönbühl;551;Urtenen-Schönbühl;BE;Street;real;true;10.10.2023;2604263;1207518
10097087;Place du Rondeau;1227 Carouge GE;6608;Carouge (GE);GE;Street;real;true;27.09.2023;2499643;1115116
10041693;Quai de la Poste;1204 Genève;6621;Genève;GE;Street;real;true;27.09.2023;2499841;1117793
10083831;Rue des Savoises;1205 Genève;6621;Genève;GE;Street;real;true;27.09.2023;2499679;1117446
10083833;Rue du Diorama;1204 Genève, 1205 Genève;6621;Genève;GE;Street;real;true;27.09.2023;2499675;1117562
10115980;Rue des Bains;1205 Genève;6621;Genève;GE;Street;real;true;27.09.2023;2499527;1117172
10156867;Carrefour de l'Etoile;1227 Carouge GE;6608;Carouge (GE);GE;Street;real;true;27.09.2023;2498817;1115974
10051270;Chemin Jean-Baptiste-TERRAY;1290 Versoix;6644;Versoix;GE;Street;real;true;27.09.2023;2501006;1127117
10048557;Chemin de la Marbrerie;1227 Carouge GE;6608;Carouge (GE);GE;Street;real;true;27.09.2023;2499366;1115066
10115960;Route de Saint-Julien;1227 Carouge GE;6608;Carouge (GE);GE;Street;real;true;27.09.2023;2499285;1114842
10018751;Sinserstrasse;6330 Cham, 6332 Hagendorn;1702;Cham;ZG;Street;real;true;27.09.2023;2675519;1227726
10069528;Friedentalstrasse;6004 Luzern;1061;Luzern;LU;Street;real;true;26.09.2023;2665447;1212509
10179043;Zentralstrasse;6030 Ebikon;1054;Ebikon;LU;Street;real;true;26.09.2023;2668577;1214958
10234027;Steinernerstegweg;8888 Heiligkreuz (Mels);3293;Mels;SG;Street;real;true;27.09.2023;2749165;1214824
10096061;Route de Meyrin;1216 Cointrin, 1217 Meyrin;6630;Meyrin;GE;Street;real;true;27.09.2023;2493716;1120987
10021182;Schlagstrasse;6417 Sattel;1371;Sattel;SZ;Street;real;true;11.03.2024;2690567;1214530
10189734;Kantonsstrasse;6048 Horw;1058;Horw;LU;Street;real;true;26.09.2023;2666244;1208249
10145400;Sennwalderstrasse;9465 Salez;3274;Sennwald;SG;Street;real;true;27.09.2023;2756161;1233882
10105858;Route de Meyrin;1209 Genève, 1214 Vernier, 1216 Cointrin, 1219 Châtelaine;6643;Vernier;GE;Street;real;true;27.09.2023;2497606;1119392
10246682;Friesisschwand;8834 Schindellegi;1321;Feusisberg;SZ;Street;real;true;11.03.2024;2697269;1224848
10246379;Unter-Geissboden;8834 Schindellegi;1321;Feusisberg;SZ;Street;real;true;11.03.2024;2698415;1225122
10223800;Champ Boigea;2884 Montenol;6808;Clos du Doubs;JU;Street;real;true;27.09.2023;2578577;1244849
10099615;Faubourg St-Germain;2900 Porrentruy;6800;Porrentruy;JU;Street;real;true;27.09.2023;2572838;1251941
10126824;Route de l'Europe;2926 Boncourt;6774;Boncourt;JU;Street;real;true;27.09.2023;2566976;1260562
10047925;Route d'Alle;2943 Vendlincourt;6806;Vendlincourt;JU;Street;real;true;27.09.2023;2578628;1254780
10208772;Kantonsstrasse;6102 Malters, 6105 Schachen LU;1062;Malters;LU;Street;real;true;26.09.2023;2654338;1209690
10103570;Rue Xavier-Stockmar;2900 Porrentruy;6800;Porrentruy;JU;Street;real;true;27.09.2023;2572809;1252348
10184376;Gerliswilstrasse;6020 Emmenbrücke;1024;Emmen;LU;Street;real;true;26.09.2023;2663793;1213853
10031024;Windegg;9475 Sevelen;3275;Sevelen;SG;Street;real;true;27.09.2023;2752980;1221776
10011022;Dorfstrasse;6196 Marbach LU;1010;Escholzmatt-Marbach;LU;Street;real;true;26.09.2023;2635077;1189151
10053105;Route de la Transjurane;2855 Glovelier;6729;Haute-Sorne;JU;Street;real;true;27.09.2023;2582481;1243015
10252535;Rösslimattli;6053 Alpnachstad;1401;Alpnach;OW;Street;planned;true;16.04.2024;2663793;1200494
10011101;Stift;6215 Beromünster;1081;Beromünster;LU;Street;real;true;27.09.2023;2656890;1228539
10247304;Farbmatte;6246 Altishofen;1123;Altishofen;LU;Street;planned;true;27.09.2023;2639664;1228300
10250966;Rickenstrasse;8737 Gommiswald, 8738 Uetliburg SG;3341;Gommiswald;SG;Street;real;true;27.09.2023;2720135;1233301
10254331;Gruebenrain;6055 Alpnach Dorf;1401;Alpnach;OW;Street;planned;true;16.04.2024;2662239;1198720
10086283;Industriestrasse / Route de l'Industrie;1784 Courtepin, 1791 Courtaman;2254;Courtepin;FR;Street;real;true;26.09.2023;2576222;1191242
10130088;Chännel;6067 Melchtal;1404;Kerns;OW;Street;real;true;16.04.2024;2665000;1187490
10251582;Zineichengasse;6055 Alpnach Dorf;1401;Alpnach;OW;Street;real;true;16.04.2024;2663065;1198807
10018399;Postplatz;6064 Kerns;1404;Kerns;OW;Street;real;true;16.04.2024;2663699;1194770
10245567;Hostettmatte;6064 Kerns;1404;Kerns;OW;Street;real;true;16.04.2024;2663872;1195083
10206366;Bahnhofplatz;6074 Giswil;1403;Giswil;OW;Street;real;true;16.04.2024;2657071;1187626
10207104;Staad;8872 Weesen;3316;Weesen;SG;Street;real;true;27.09.2023;2725576;1221599
10119042;Driangel;6074 Giswil;1403;Giswil;OW;Street;real;true;16.04.2024;2656731;1187211
10164896;Feldmoosstrasse;6074 Giswil;1403;Giswil;OW;Street;real;true;16.04.2024;2653451;1190081
10260198;Chilcherliweg;6055 Alpnach Dorf;1401;Alpnach;OW;Street;real;true;16.04.2024;2664056;1199350
10223113;Tobel;9107 Urnäsch;3002;Hundwil;AR;Street;real;false;16.04.2024;2741579;1244020
10223102;Bühl;9107 Urnäsch;3002;Hundwil;AR;Street;real;false;16.04.2024;2742211;1244107
10062716;Oberweidest;9450 Altstätten SG;3251;Altstätten;SG;Street;real;true;27.09.2023;2757015;1250109
10249545;Ahornweg;6260 Reiden;1140;Reiden;LU;Street;real;true;26.09.2023;2641468;1233001
10183990;Panoramastrasse;6074 Giswil;1403;Giswil;OW;Street;real;false;16.04.2024;2652262;1186322
10072405;Era-Graba;9450 Altstätten SG;3251;Altstätten;SG;Street;real;true;27.09.2023;2758641;1249596
10257913;Bahnhofplatz;6053 Alpnachstad;1401;Alpnach;OW;Street;real;true;16.04.2024;2663841;1200767
10015262;Feld;6074 Giswil;1403;Giswil;OW;Street;real;true;16.04.2024;2655601;1189185
10017570;Route de Fribourg;1680 Romont FR, 1690 Lussy FR, 1690 Villaz-St-Pierre, 1691 Villarimboud;2117;Villaz;FR;Street;real;true;26.09.2023;2561879;1172886
10167967;Route de Charmoille;2946 Miécourt;6810;La Baroche;JU;Street;real;true;27.09.2023;2580575;1252764
10167832;Montessalet;3280 Meyriez;2271;Meyriez;FR;Street;real;true;26.09.2023;2574986;1196950
10224946;Scharten-Unterschwendi;9656 Alt St. Johann;3359;Wildhaus-Alt St. Johann;SG;Street;real;true;27.09.2023;2739065;1229277
10010452;Kleinmattweg;6053 Alpnachstad;1401;Alpnach;OW;Street;real;true;16.04.2024;2663383;1199745
10185748;Route de Fribourg;1783 Pensier, 1784 Courtepin;2254;Courtepin;FR;Street;real;true;26.09.2023;2576920;1188729
10188826;Churerstrasse;8808 Pfäffikon SZ;1322;Freienbach;SZ;Street;real;true;11.03.2024;2702583;1228788
10052430;Schützenstrasse;6430 Schwyz, 6438 Ibach;1372;Schwyz;SZ;Street;real;true;11.03.2024;2692243;1208031
10066810;Seedammstrasse;8640 Hurden, 8808 Pfäffikon SZ;1322;Freienbach;SZ;Street;real;true;11.03.2024;2703132;1230121
10087231;Charregass;8260 Stein am Rhein;2964;Stein am Rhein;SH;Street;real;true;27.09.2023;2706631;1279463
10256057;Brandforenstrasse;8356 Ettenhausen TG;4551;Aadorf;TG;Street;planned;true;18.04.2024;2709710;1259790
10117746;Egg;9064 Hundwil;3002;Hundwil;AR;Street;real;false;16.04.2024;2741277;1244582
10113906;Gotthardstrasse;6472 Erstfeld;1206;Erstfeld;UR;Street;real;true;27.09.2023;2692293;1186869
10193992;Rheinuferstrasse;8200 Schaffhausen;2939;Schaffhausen;SH;Street;real;true;27.09.2023;2689900;1283253
10091258;Schaffhauserstrasse;8212 Neuhausen am Rheinfall;2937;Neuhausen am Rheinfall;SH;Street;real;true;27.09.2023;2688790;1282379
10187446;Bergstrasse;6410 Goldau, 6414 Oberarth;1362;Arth;SZ;Street;real;true;11.03.2024;2684075;1212202
10197832;Lipplisstrasse;6436 Muotathal;1367;Muotathal;SZ;Street;real;true;11.03.2024;2701651;1203208
10211969;Berni;9064 Hundwil;3002;Hundwil;AR;Street;real;true;16.04.2024;2743784;1246561
10086470;Bachstrasse;8200 Schaffhausen;2939;Schaffhausen;SH;Street;real;true;27.09.2023;2689959;1283778
10013764;Gotthardstrasse;6490 Andermatt;1202;Andermatt;UR;Street;real;true;27.09.2023;2688414;1165229
10019807;Schweizersbildstrasse;8200 Schaffhausen, 8207 Schaffhausen;2939;Schaffhausen;SH;Street;real;true;27.09.2023;2690179;1286562
10201841;Köpperhalden;8522 Aawangen;4551;Aadorf;TG;Street;real;true;18.04.2024;2709948;1264056
10179756;Langstuck;8260 Stein am Rhein;2964;Stein am Rhein;SH;Street;real;true;27.09.2023;2706830;1279960
10244899;In der Höh-Kreisel;8604 Volketswil;199;Volketswil;ZH;Street;real;true;02.05.2024;2692861;1248988
10030473;Nasen;9107 Urnäsch;3006;Urnäsch;AR;Street;real;true;27.09.2023;2736833;1238261
10023858;Chemin Sur le Mont;1796 Courgevaux;2250;Courgevaux;FR;Street;real;true;16.04.2024;2575128;1195868
10258012;Büel;1656 Jaun, 1657 Abländschen;2138;Jaun;FR;Street;real;true;16.04.2024;2589116;1159029
10031989;Langgasse;9056 Gais;3022;Gais;AR;Street;real;true;27.09.2023;2751858;1247465
10259181;Chemin de la Forêt;1625 Maules, 1626 Romanens;2152;Sâles;FR;Street;real;true;16.04.2024;2565745;1166868
10252211;Grand Pâquier;1541 Bussy FR;2054;Estavayer;FR;Street;real;true;16.04.2024;2558767;1187261
10253946;Les Troncs;1634 La Roche FR;2149;La Roche;FR;Street;real;true;16.04.2024;2577799;1169709
10046612;Zollstrasse;8212 Neuhausen am Rheinfall;2937;Neuhausen am Rheinfall;SH;Street;real;true;27.09.2023;2687522;1281525
10258039;Eggweidle;1656 Jaun;2138;Jaun;FR;Street;real;true;16.04.2024;2588804;1161346
10091460;Sandgrub;9064 Hundwil, 9107 Urnäsch;3002;Hundwil;AR;Street;real;true;27.09.2023;2741032;1244664
10253540;Les Grèves;1666 Grandvillard;2134;Grandvillard;FR;Street;real;true;16.04.2024;2572813;1156036
10253101;En Dontchîrè;1684 Mézières FR;2087;Mézières (FR);FR;Street;real;true;16.04.2024;2560240;1169087
10252748;La Fisquetta;1628 Vuadens;2131;Echarlens;FR;Street;real;true;16.04.2024;2568340;1164372
10018654;Hochstrasse;8200 Schaffhausen;2939;Schaffhausen;SH;Street;real;true;27.09.2023;2690034;1284878
10032137;Gschwend;9107 Urnäsch;3006;Urnäsch;AR;Street;real;true;27.09.2023;2735052;1238458
10031603;Moskau;8262 Ramsen;2963;Ramsen;SH;Street;real;true;27.09.2023;2703779;1285352
10253583;La Golette;1676 Chavannes-les-Forts;2099;Siviriez;FR;Street;real;true;16.04.2024;2558110;1165632
10024535;Gare;1700 Fribourg;2196;Fribourg;FR;Street;real;true;16.04.2024;2577947;1183555
10259184;Sentier de la Sionge;1646 Echarlens;2131;Echarlens;FR;Street;real;true;16.04.2024;2571931;1166533
10252083;Champs Pelety;1484 Granges-de-Vesin;2050;Les Montets;FR;Street;real;true;16.04.2024;2555249;1185489
10017868;Klettgauerstrasse;8212 Neuhausen am Rheinfall;2937;Neuhausen am Rheinfall;SH;Street;real;true;27.09.2023;2688094;1282222
10091193;Grosswald;9107 Urnäsch;3006;Urnäsch;AR;Street;real;true;27.09.2023;2741231;1236290
10253320;Gros Mont;1666 Grandvillard;2134;Grandvillard;FR;Street;real;true;16.04.2024;2574176;1154748
10211940;Oberrütinecker;9107 Urnäsch;3006;Urnäsch;AR;Street;real;true;27.09.2023;2735983;1237215
10191764;Höfli;9044 Wald AR;3036;Wald (AR);AR;Street;real;true;27.09.2023;2754535;1253925
10067446;Telleren;9107 Urnäsch;3006;Urnäsch;AR;Street;real;true;27.09.2023;2736027;1238750
10261041;Chemin de l'Usine-Electrique;1637 Charmey (Gruyère);2163;Val-de-Charmey;FR;Street;real;true;16.04.2024;2578847;1162598
10260924;Route du Chêne;1565 Vallon;2045;Vallon;FR;Street;real;true;16.04.2024;2563193;1192344
10179980;Lienne Dessus;1634 La Roche FR;2149;La Roche;FR;Street;real;true;16.04.2024;2579124;1170725
10252712;Sur-Tercier;1627 Vaulruz;2155;Vaulruz;FR;Street;real;true;16.04.2024;2567394;1164998
10253519;Le Rio;1666 Grandvillard;2134;Grandvillard;FR;Street;real;true;16.04.2024;2574779;1153905
10018443;Steigstrasse;8233 Bargen SH;2931;Bargen (SH);SH;Street;real;true;27.09.2023;2686967;1294430
10212013;Gross-Langboden;9107 Urnäsch;3006;Urnäsch;AR;Street;real;true;27.09.2023;2736682;1238463
10073132;Industriestrasse;9100 Herisau;3001;Herisau;AR;Street;real;true;27.09.2023;2738679;1249455
10253757;Communs d'Avau;1648 Hauteville;2137;Hauteville;FR;Street;real;true;16.04.2024;2574946;1169776
10256110;L'Adrey;1637 Charmey (Gruyère);2163;Val-de-Charmey;FR;Street;real;true;16.04.2024;2581251;1164964
10086278;Studenmattweg;1791 Courtaman;2254;Courtepin;FR;Street;real;true;16.04.2024;2577061;1191380
10252081;Les Râpes;1566 St-Aubin FR;2041;Saint-Aubin (FR);FR;Street;real;true;16.04.2024;2564728;1194913
10252420;Widenstrasse;9107 Urnäsch;3006;Urnäsch;AR;Street;planned;true;27.09.2023;2738939;1241196
10252657;Chemin des Broillets;1786 Sugiez;2284;Mont-Vully;FR;Street;real;true;16.04.2024;2572858;1202305
10085724;Mühlenstrasse;8200 Schaffhausen;2939;Schaffhausen;SH;Street;real;true;27.09.2023;2689290;1283167
10260987;Route du Bugnon;1684 Mézières FR;2087;Mézières (FR);FR;Street;real;true;16.04.2024;2559660;1168698
10253436;Gros Chadoua;1666 Grandvillard;2134;Grandvillard;FR;Street;real;true;16.04.2024;2574550;1150619
10109975;Unterstetten;9107 Urnäsch;3006;Urnäsch;AR;Street;real;true;27.09.2023;2737294;1239006
10022109;Chemin des Cerisiers;1796 Courgevaux;2250;Courgevaux;FR;Street;real;true;16.04.2024;2575135;1195968
10176375;Obere Egg;9056 Gais;3022;Gais;AR;Street;real;true;27.09.2023;2753551;1247921
10261011;Chemin des Toules;1666 Grandvillard;2134;Grandvillard;FR;Street;real;true;16.04.2024;2573436;1155127
10159680;Täfeli;9043 Trogen;3025;Trogen;AR;Street;real;true;27.09.2023;2755424;1251966
10253005;Le Saugy;1695 Estavayer-le-Gibloux;2236;Gibloux;FR;Street;real;true;16.04.2024;2568136;1175569
10129037;Hammerwinkel;8215 Hallau;2971;Hallau;SH;Street;real;true;27.09.2023;2676812;1283552
10259167;Chemin de la Maison Noire;1665 Estavannens;2162;Bas-Intyamon;FR;Street;real;true;16.04.2024;2573873;1157537
10253592;La Grange d'Amont;1678 Siviriez;2099;Siviriez;FR;Street;real;true;16.04.2024;2557014;1169270
10073634;Schulstrasse;8233 Bargen SH;2931;Bargen (SH);SH;Street;real;true;27.09.2023;2688151;1293859
10032578;Schwarzwaldstrasse;8226 Schleitheim;2952;Schleitheim;SH;Street;real;true;27.09.2023;2677217;1288976
10159375;Haut-des-Vignes;1796 Courgevaux;2250;Courgevaux;FR;Street;real;true;16.04.2024;2574873;1195575
10252872;Chemin Sous-le-Mont;1666 Grandvillard;2134;Grandvillard;FR;Street;real;true;16.04.2024;2573556;1154613
10253420;L'Aille;1666 Grandvillard;2134;Grandvillard;FR;Street;real;true;16.04.2024;2575196;1151541
10030493;Langenhus;9043 Trogen;3025;Trogen;AR;Street;real;true;27.09.2023;2753813;1251202
10171234;Hächlensteg;9035 Grub AR;3031;Grub (AR);AR;Street;real;true;27.09.2023;2756845;1256407
10024114;Praz au Favre;1628 Vuadens;2160;Vuadens;FR;Street;real;true;16.04.2024;2564898;1161838
10018441;Heerengarten;8233 Bargen SH;2931;Bargen (SH);SH;Street;real;true;27.09.2023;2687967;1294081
10252996;Champ-Peyro;1649 Pont-la-Ville;2147;Pont-la-Ville;FR;Street;real;true;16.04.2024;2574230;1172594
10252820;Chablets Dessous;1666 Grandvillard;2134;Grandvillard;FR;Street;real;true;16.04.2024;2574097;1153360
10179714;Gemsgasse;8200 Schaffhausen;2939;Schaffhausen;SH;Street;real;true;27.09.2023;2690319;1285538
10118151;Alpsteinstrasse;9100 Herisau;3001;Herisau;AR;Street;real;true;27.09.2023;2739123;1248590
10256154;Jognins Dessous;1637 Charmey (Gruyère);2163;Val-de-Charmey;FR;Street;real;true;16.04.2024;2580322;1161450
10123294;Heusonder;9107 Urnäsch;3006;Urnäsch;AR;Street;real;true;27.09.2023;2740005;1244630
10185320;Moos;9055 Bühler;3021;Bühler;AR;Street;real;true;27.09.2023;2749069;1248853
10246883;A1;1218 Le Grand-Saconnex;6623;Le Grand-Saconnex;GE;Street;real;true;27.09.2023;2498631;1122072
10246351;Parc d'Epagny;1284 Chancy;6611;Chancy;GE;Street;real;true;27.09.2023;2488441;1113051
10222179;Tunnel de Confignon;1232 Confignon;6618;Confignon;GE;Street;real;true;27.09.2023;2495606;1114760
10252438;Bahnweg;8862 Schübelbach;1346;Schübelbach;SZ;Street;real;true;11.03.2024;2713739;1226077
10222093;Chemin des Champs-du-Loup;1254 Jussy;6626;Jussy;GE;Street;real;true;27.09.2023;2509761;1120327
10222332;Chemin de Ferraz;1287 Laconnex;6627;Laconnex;GE;Street;real;true;27.09.2023;2491042;1113204
10043601;Bergstrasse;8280 Kreuzlingen;4671;Kreuzlingen;TG;Street;real;true;27.09.2023;2729959;1278264
10041932;Hauptstrasse;8532 Weiningen TG;4621;Warth-Weiningen;TG;Street;real;true;27.09.2023;2708932;1271978
10098989;Seeweg;8592 Uttwil;4451;Uttwil;TG;Street;real;true;27.09.2023;2743877;1271913
10042064;Laubgasse;8500 Frauenfeld;4566;Frauenfeld;TG;Street;real;true;27.09.2023;2709288;1268018
10124303;Hauptstrasse;8280 Kreuzlingen;4671;Kreuzlingen;TG;Street;real;true;27.09.2023;2730392;1279282
10253522;Le Tey;1666 Grandvillard;2134;Grandvillard;FR;Street;real;true;16.04.2024;2573988;1153026
10106002;Remisbergstrasse;8280 Kreuzlingen;4671;Kreuzlingen;TG;Street;real;true;27.09.2023;2731212;1277369
10177918;Bahnhofstrasse;8560 Märstetten;4941;Märstetten;TG;Street;real;true;27.09.2023;2722212;1272088
10036190;Alte Hauptwilerstrasse;9220 Bischofszell;4471;Bischofszell;TG;Street;real;true;27.09.2023;2736323;1261583
10253315;Gouvet;1651 Villarvolard;2129;Corbières;FR;Street;real;true;16.04.2024;2574421;1165717
10254031;Dorfstrasse;3213 Liebistorf;2262;Gurmels;FR;Street;real;true;26.09.2023;2581294;1195231
10260973;Chemin de la Seigneurie;1489 Murist;2054;Estavayer;FR;Street;real;true;16.04.2024;2553583;1182957
10252947;Le Chêne;1699 Bouloz;2337;Le Flon;FR;Street;real;true;16.04.2024;2557716;1163034
10086875;Promenadenstrasse;8500 Frauenfeld;4566;Frauenfeld;TG;Street;real;true;27.09.2023;2709915;1268319
10048544;Place du Centenaire;2053 Cernier;6487;Val-de-Ruz;NE;Place;real;true;02.05.2024;2559139;1212131
10091840;Glockenweg;2540 Grenchen;2546;Grenchen;SO;Street;real;true;02.05.2024;2596998;1227131
10234973;Dorfstrasse;8564 Sonterswil;4701;Wäldi;TG;Street;real;true;27.09.2023;2724414;1276439
10183587;Bielstrasse;4500 Solothurn, 4512 Bellach;2542;Bellach;SO;Street;real;true;02.05.2024;2603653;1228581
10066108;Bahnhofplatz;4573 Lohn-Ammannsegg;2526;Lohn-Ammannsegg;SO;Street;real;true;02.05.2024;2606643;1223489
10060072;Rathausplatz;8500 Frauenfeld;4566;Frauenfeld;TG;Street;real;true;27.09.2023;2709798;1268217
10042416;Rosgartenstrasse;8280 Kreuzlingen;4671;Kreuzlingen;TG;Street;real;true;27.09.2023;2729789;1278638
10254732;Maschinengasse;6330 Cham;1702;Cham;ZG;Street;real;true;27.09.2023;2677186;1226669
10254738;Chemin des Sarcelles;1222 Vésenaz;6616;Collonge-Bellerive;GE;Street;planned;true;27.09.2023;2505741;1122396
10254739;Chemin des Sarcelles;1252 Meinier;6629;Meinier;GE;Street;planned;true;27.09.2023;2505861;1122319
10254741;Trafoplatz;6330 Cham;1702;Cham;ZG;Place;real;true;27.09.2023;2677205;1226738
10042290;Turbenthalstrasse;8363 Bichelsee;4721;Bichelsee-Balterswil;TG;Street;real;true;27.09.2023;2710529;1257181
10255610;Parc Peter-PFOSI;1226 Thônex;6640;Thônex;GE;Street;planned;true;27.09.2023;2504955;1116853
10222210;Chemin des Teppes-Basses;1248 Hermance;6625;Hermance;GE;Street;real;true;27.09.2023;2508080;1126901
10256068;Parc Jean-Marie-GIGNOUX;1226 Thônex;6640;Thônex;GE;Street;real;true;27.09.2023;2504856;1116588
10256242;Chemin Jeanne-LAVERGNAT;1256 Troinex;6641;Troinex;GE;Street;real;true;27.09.2023;2500335;1113660
10251721;Chemin Jean-Jacques-ASPER;1256 Troinex;6641;Troinex;GE;Street;real;true;27.09.2023;2500410;1113519
10222129;Chemin des Marais-de-Sanvouigle;1247 Anières;6602;Anières;GE;Street;real;true;27.09.2023;2507516;1124258
10221928;Passage de l'Aventure;1219 Châtelaine;6643;Vernier;GE;Street;real;true;27.09.2023;2496844;1119503
10221568;Place des Arbousiers;1226 Thônex;6640;Thônex;GE;Place;real;true;27.09.2023;2505620;1117754
10222006;Promenade des Cirses;1234 Vessy;6645;Veyrier;GE;Street;real;true;27.09.2023;2501655;1114775
10246879;A1a;1227 Carouge GE;6608;Carouge (GE);GE;Street;real;true;27.09.2023;2498849;1115428
10221543;Place du Peintre;1225 Chêne-Bourg;6613;Chêne-Bourg;GE;Place;real;true;27.09.2023;2503878;1116685
10222402;Place des Trois-Martyrs;1224 Chêne-Bougeries;6612;Chêne-Bougeries;GE;Place;real;true;27.09.2023;2503681;1116826
10246877;A1;1293 Bellevue;6606;Bellevue;GE;Street;real;true;27.09.2023;2499800;1122927
10222226;Rampe de la Fontaine;1248 Hermance;6625;Hermance;GE;Street;real;true;27.09.2023;2508216;1128519
10222162;Place Charles-DUCHEMIN;1237 Avully;6603;Avully;GE;Place;real;true;27.09.2023;2489069;1114058
10221817;Rue Harry-Marc;1204 Genève, 1205 Genève;6621;Genève;GE;Street;real;true;27.09.2023;2499795;1117339
10171310;Neuwis;9562 Märwil;4711;Affeltrangen;TG;Street;real;true;27.09.2023;2722441;1265785
10222147;Chemin des Marseillanes;1243 Presinge;6635;Presinge;GE;Street;real;true;27.09.2023;2509745;1119751
10246350;Parc du Menhir;1284 Chancy;6611;Chancy;GE;Street;real;true;27.09.2023;2486502;1111880
10246886;A1a;1258 Perly;6632;Perly-Certoux;GE;Street;real;true;27.09.2023;2496744;1113204
10221596;Place du Setier;1226 Thônex;6640;Thônex;GE;Place;real;true;27.09.2023;2505190;1117569
10104520;Chli-Langboden;9107 Urnäsch;3006;Urnäsch;AR;Street;real;true;27.09.2023;2736165;1238608
10258002;Schoresberg;1656 Im Fang;2138;Jaun;FR;Street;real;true;16.04.2024;2585431;1161927
10221595;Pont Adrien-STOESSEL;1217 Meyrin;6630;Meyrin;GE;Street;real;true;27.09.2023;2495013;1119923
10221923;Passage de Blandonnet;1214 Vernier;6643;Vernier;GE;Street;real;true;27.09.2023;2496455;1119843
10222081;Chemin de la Riole;1218 Le Grand-Saconnex;6623;Le Grand-Saconnex;GE;Street;real;true;27.09.2023;2499035;1121114
10221565;Place de l'Araire;1226 Thônex;6640;Thônex;GE;Place;real;true;27.09.2023;2505597;1117900
10221775;Tunnel de Confignon;1233 Bernex;6607;Bernex;GE;Street;real;true;27.09.2023;2495428;1115228
10222123;Chemin de Chantepoulet;1232 Confignon;6618;Confignon;GE;Street;real;true;27.09.2023;2495742;1113606
10221939;Passerelle de l'Aventure;1214 Vernier, 1219 Châtelaine;6643;Vernier;GE;Street;real;true;27.09.2023;2496716;1119522
10221951;Place Jean-HERIDIER;1225 Chêne-Bourg;6613;Chêne-Bourg;GE;Place;real;true;27.09.2023;2504034;1116638
10185312;Rüteli;9107 Urnäsch;3006;Urnäsch;AR;Street;real;true;27.09.2023;2738509;1242100
10252763;Chemin du Creux-Blanc;1617 Tatroz;2321;Attalens;FR;Street;real;true;16.04.2024;2556081;1154409
10261049;Chemin de Monterban;1725 Posieux;2233;Hauterive (FR);FR;Street;real;true;16.04.2024;2573980;1179833
10221960;Place de l'Etang;1219 Châtelaine;6643;Vernier;GE;Place;real;true;27.09.2023;2497012;1119305
10260952;Chemin des Fermes-de-la-Molière;1489 Murist;2054;Estavayer;FR;Street;real;true;16.04.2024;2553558;1183521
10243599;Pont des Artisanes;1227 Carouge GE;6608;Carouge (GE);GE;Street;real;true;27.09.2023;2500720;1115778
10067860;Schutz;9056 Gais;3022;Gais;AR;Street;real;true;27.09.2023;2753220;1246711
10252828;La Brünisholzena;1634 La Roche FR;2149;La Roche;FR;Street;real;true;16.04.2024;2581319;1171087
10252036;Les Contens;1529 Cheiry;2044;Surpierre;FR;Street;real;true;16.04.2024;2552623;1176364
10198250;La Gissetta;1634 La Roche FR;2149;La Roche;FR;Street;real;true;16.04.2024;2582559;1171008
10246887;A1a;1228 Plan-les-Ouates;6633;Plan-les-Ouates;GE;Street;real;true;27.09.2023;2496800;1113270
10221590;Pont d'Aigues-Vertes;1233 Bernex;6607;Bernex;GE;Street;real;true;27.09.2023;2494862;1117628
10221780;Pont de la Fontenette;1205 Genève;6621;Genève;GE;Street;real;true;27.09.2023;2500255;1115882
10243605;Tunnel des Nations;1292 Chambésy;6634;Pregny-Chambésy;GE;Street;planned;true;27.09.2023;2499081;1121095
10246878;A1a;1293 Bellevue;6606;Bellevue;GE;Street;real;true;27.09.2023;2500135;1122889
10251764;Parc des Molliers;1233 Bernex;6607;Bernex;GE;Street;planned;true;27.09.2023;2495470;1115330
10121427;Route d'Oleyres;1564 Domdidier, 1580 Oleyres;2053;Belmont-Broye;FR;Street;real;true;26.09.2023;2568674;1190001
10142937;Klausenstrasse;6464 Spiringen, 8751 Urnerboden;1218;Spiringen;UR;Street;real;true;27.09.2023;2711329;1194173
10260645;Route des Grands Vergers;1844 Villeneuve VD;5414;Villeneuve (VD);VD;Street;real;true;26.09.2023;2561203;1138636
10253434;Vauderens;1675 Vauderens;2102;Ursy;FR;Street;real;true;16.04.2024;2555054;1163780
10222063;Chemin des Essarts;1288 Aire-la-Ville;6601;Aire-la-Ville;GE;Street;real;true;27.09.2023;2493012;1115763
10246909;A1a;1292 Chambésy;6634;Pregny-Chambésy;GE;Street;real;true;27.09.2023;2500715;1122378
10221968;Pont d'Aigues-Vertes;1214 Vernier;6643;Vernier;GE;Street;real;true;27.09.2023;2494827;1117737
10221930;Pont sur la Versoix;1290 Versoix;6644;Versoix;GE;Street;real;true;27.09.2023;2500184;1126317
10246884;A1a;1212 Grand-Lancy;6628;Lancy;GE;Street;real;true;27.09.2023;2498622;1114286
10221990;Esplanade Jean-PIAGET;1234 Vessy;6645;Veyrier;GE;Street;real;true;27.09.2023;2501576;1114723
10221864;Chemin de Bondex;1298 Céligny;6610;Céligny;GE;Street;real;true;27.09.2023;2503290;1134698
10221553;Passage de Monetier;1204 Genève;6621;Genève;GE;Street;real;true;27.09.2023;2500412;1117543
10222108;Chemin des Bracots;1247 Anières;6602;Anières;GE;Street;real;true;27.09.2023;2507280;1125629
10205033;Schwendihalden;9411 Schachen b. Reute;3035;Reute (AR);AR;Street;real;true;27.09.2023;2760965;1254856
10093657;Eichbergerstrasse;9450 Altstätten SG, 9452 Hinterforst;3251;Altstätten;SG;Street;real;true;27.09.2023;2758251;1246548
10032011;Eichbergstrasse;9452 Hinterforst, 9453 Eichberg;3252;Eichberg;SG;Street;real;true;27.09.2023;2758283;1246041
10083740;Rue des Moraines;1227 Carouge GE;6608;Carouge (GE);GE;Street;real;true;02.05.2024;2499979;1115405
10049105;Chemin du Soleil;1246 Corsier GE;6619;Corsier (GE);GE;Street;real;true;20.04.2024;2506734;1123852
10049029;Chemin des Briffods;1244 Choulex;6614;Choulex;GE;Street;real;true;20.04.2024;2506279;1120122
10096050;Chemin du Martelet;1252 Meinier;6629;Meinier;GE;Street;real;true;20.04.2024;2506978;1122252
10083568;Rue des Boucheries;1290 Versoix;6644;Versoix;GE;Street;real;true;20.04.2024;2502132;1125829
10235339;Place du 700e;1254 Jussy;6626;Jussy;GE;Place;real;true;27.09.2023;2508855;1120388
10236165;Pont de l'Aire;1232 Confignon;6618;Confignon;GE;Street;real;true;27.09.2023;2496019;1114203
10243521;Senté da Mèzz;6967 Dino;5192;Lugano;TI;Street;real;true;16.04.2024;2719078;1100969
10127793;Via Carzo;6900 Paradiso;5192;Lugano;TI;Street;real;true;16.04.2024;2716419;1094056
10174104;Route de Romont;1690 Lussy FR, 1690 Villaz-St-Pierre;2117;Villaz;FR;Street;real;true;26.09.2023;2562773;1173577
10133502;Chemin de la Gissetta;1625 Sâles (Gruyère);2152;Sâles;FR;Street;real;true;26.09.2023;2562717;1161612
10243543;Sentiero Cerim;6979 Brè sopra Lugano;5192;Lugano;TI;Street;real;true;16.04.2024;2721065;1096842
10128787;Route de la Chapelle;1541 Sévaz;2043;Sévaz;FR;Street;real;true;26.09.2023;2556546;1187838
10259773;Salita Ines Bolla;6900 Lugano;5192;Lugano;TI;Street;real;true;16.04.2024;2717038;1096432
10243416;Al Pian;6951 Bogno;5192;Lugano;TI;Street;real;true;16.04.2024;2725468;1105540
10135794;Via Pasquée;6965 Cadro;5192;Lugano;TI;Street;real;true;16.04.2024;2719903;1100531
10254035;Route de Villaz;1691 Villarimboud;2117;Villaz;FR;Street;real;true;26.09.2023;2563624;1176174
10133090;Via Orti;6900 Lugano;5192;Lugano;TI;Street;real;true;16.04.2024;2717545;1096778
10170786;Piazza della Costa;6914 Carona;5192;Lugano;TI;Place;real;true;16.04.2024;2716007;1090708
10245996;Sentiero degli Sbris;6823 Pugerna;5192;Lugano;TI;Street;real;true;16.04.2024;2721064;1093747
10156210;Sóta ar Pónt;6967 Dino;5192;Lugano;TI;Street;real;true;19.04.2024;2719646;1101353
10261511;Via Tassino;6924 Sorengo;5192;Lugano;TI;Street;real;true;16.04.2024;2716691;1095437
10253076;Les Combes;1666 Villars-sous-Mont;2162;Bas-Intyamon;FR;Street;real;true;26.09.2023;2571630;1154957
10254027;Dorfstrasse;1792 Cordast;2262;Gurmels;FR;Street;real;true;26.09.2023;2577981;1191450
10259029;Via Padri Redentoristi;6962 Viganello;5192;Lugano;TI;Street;real;true;16.04.2024;2718387;1096615
10130143;Route des Marechets;1541 Bussy FR;2054;Estavayer;FR;Street;real;true;26.09.2023;2557616;1187283
10064649;Chemin des Marais;1470 Estavayer-le-Lac;2054;Estavayer;FR;Street;real;true;26.09.2023;2554996;1187808
10144999;Piazza Carlo Cattaneo;6976 Castagnola;5192;Lugano;TI;Place;real;true;16.04.2024;2719244;1095588
10132389;Contrada della Vicinanza;6913 Carabbia;5192;Lugano;TI;Street;real;true;16.04.2024;2716171;1092326
10091547;Chemin de l'Eglise;3280 Meyriez;2271;Meyriez;FR;Street;real;true;26.09.2023;2575024;1197080
10161358;Via Maria Luisa Albrizzi;6900 Lugano;5192;Lugano;TI;Street;real;true;16.04.2024;2717307;1095859
10246155;Piazza Castello;6900 Lugano;5192;Lugano;TI;Place;real;true;16.04.2024;2717620;1096028
10086259;Route du Cousimbert;1724 Essert FR, 1724 Montévraz, 1724 Zénauva;2220;Le Mouret;FR;Street;real;true;26.09.2023;2580105;1176493
10166957;Senté de Sorív;6968 Sonvico;5192;Lugano;TI;Street;real;true;16.04.2024;2720924;1102781
10024018;Via Chiarina Stauffacher-Vedani;6900 Lugano;5192;Lugano;TI;Street;real;true;16.04.2024;2717449;1095864
10064650;Le Piolet;1470 Estavayer-le-Lac;2054;Estavayer;FR;Street;real;true;26.09.2023;2555155;1188108
10146473;Rivetta Alfonsina Storni;6900 Lugano;5192;Lugano;TI;Street;real;true;16.04.2024;2718630;1096007
10090510;Route de la Sauge;1787 Mur (Vully) FR, 1789 Lugnorre;2284;Mont-Vully;FR;Street;real;true;26.09.2023;2571383;1199873
10245997;Sentiero delle Sorbe;6823 Pugerna;5192;Lugano;TI;Street;real;true;16.04.2024;2721150;1093522
10259527;Senté de San Remig;6556 Leggia;3832;Grono;GR;Street;real;true;16.04.2024;2733458;1124583
10257795;Zugalpweg;7250 Klosters;3871;Klosters;GR;Street;real;true;16.04.2024;2788144;1193452
10258945;Via Tischinas;7154 Ruschein;3619;Ilanz/Glion;GR;Street;real;true;16.04.2024;2733651;1182388
10261495;Via da Vastur;7554 Sent;3762;Scuol;GR;Street;real;true;16.04.2024;2819637;1189050
10247343;Sur En;7546 Ardez;3762;Scuol;GR;Street;real;true;16.04.2024;2809047;1183170
10259545;Via Ogrèda;6556 Leggia;3832;Grono;GR;Street;real;true;16.04.2024;2733312;1125234
10238399;Via Vitg;7157 Siat;3619;Ilanz/Glion;GR;Street;real;true;16.04.2024;2731603;1183569
10215985;Via Fieu;7141 Luven;3619;Ilanz/Glion;GR;Street;real;true;16.04.2024;2734758;1179738
10261167;Via Resgia;7130 Ilanz;3619;Ilanz/Glion;GR;Street;real;true;16.04.2024;2735300;1181966
10078325;Nairs;7550 Scuol, 7552 Vulpera, 7553 Tarasp;3762;Scuol;GR;Street;real;true;16.04.2024;2816630;1185874
10261447;Via da Funtanatscha;7554 Sent;3762;Scuol;GR;Street;real;true;16.04.2024;2822533;1189654
10258946;Via Tischinas Sut;7154 Ruschein;3619;Ilanz/Glion;GR;Street;real;true;16.04.2024;2733703;1182375
10259542;Carà de Val;6556 Leggia;3832;Grono;GR;Street;real;true;16.04.2024;2732954;1125023
10261448;Alp Zeznina;7545 Guarda;3762;Scuol;GR;Street;real;true;16.04.2024;2806128;1182556
10261116;Via Fops;7154 Ruschein;3619;Ilanz/Glion;GR;Street;real;true;16.04.2024;2731550;1189155
10259290;Via Val Verena Su;7031 Laax GR;3575;Laax;GR;Street;real;true;16.04.2024;2739798;1186126
10216470;Via Ladral Sura;7158 Waltensburg/Vuorz;3981;Breil/Brigels;GR;Street;real;true;16.04.2024;2726246;1184638
10261446;Via da Zuort;7554 Sent, 7557 Vnà;3762;Scuol;GR;Street;real;true;16.04.2024;2820152;1195263
10193135;Via d'Alp Veglia;7156 Rueun, 7157 Siat;3619;Ilanz/Glion;GR;Street;real;true;16.04.2024;2730196;1183303
10259819;Valforada;7551 Ftan;3762;Scuol;GR;Street;real;true;16.04.2024;2814408;1186328
10261469;Via da Munclü;7550 Scuol, 7551 Ftan;3762;Scuol;GR;Street;real;true;16.04.2024;2816940;1186858
10261456;Via da God Plan;7551 Ftan;3762;Scuol;GR;Street;real;true;16.04.2024;2813717;1185087
10261458;Via da Sesvenna;7550 Scuol;3762;Scuol;GR;Street;real;true;16.04.2024;2822291;1178931
10252909;Chemin de Pra Rimbou;1699 Bouloz;2337;Le Flon;FR;Street;real;true;26.09.2023;2557917;1163765
10254022;Route de Domdidier;1773 Russy;2053;Belmont-Broye;FR;Street;real;true;26.09.2023;2566952;1188171
10259543;Senté del Torrion;6537 Grono, 6556 Leggia;3832;Grono;GR;Street;real;true;16.04.2024;2734392;1121868
10261129;Via Pardi;7128 Riein;3619;Ilanz/Glion;GR;Street;real;true;16.04.2024;2737976;1178629
10259528;Via Salecc;6556 Leggia;3832;Grono;GR;Street;real;true;16.04.2024;2733017;1124479
10261481;Senda da Plan Surröven;7546 Ardez;3762;Scuol;GR;Street;real;true;16.04.2024;2810535;1179668
10259523;Via Promazzola;6537 Grono;3832;Grono;GR;Street;real;true;16.04.2024;2732075;1122516
10259540;Monti di Verdabbio;6538 Verdabbio;3832;Grono;GR;Street;real;true;16.04.2024;2733069;1127448
10261497;Via da Bain Crotsch;7550 Scuol, 7554 Sent;3762;Scuol;GR;Street;real;true;16.04.2024;2820288;1186319
10261488;Senda da Triazza;7550 Scuol;3762;Scuol;GR;Street;real;true;16.04.2024;2821171;1186007
10259285;Via Plaun Larisch;7032 Laax GR 2;3575;Laax;GR;Street;real;true;16.04.2024;2736135;1190068
10261453;Via dal Munt;7554 Sent;3762;Scuol;GR;Street;real;true;16.04.2024;2824267;1189203
10261498;Via Chant Zuort;7553 Tarasp;3762;Scuol;GR;Street;real;true;16.04.2024;2815106;1184663
10259292;Via Crap Tgietschen;7032 Laax GR 2;3575;Laax;GR;Street;real;true;16.04.2024;2732864;1191945
10259537;Strada de Pianezza;6556 Leggia;3832;Grono;GR;Street;real;true;16.04.2024;2732923;1125273
10254305;Route de Russy;1563 Dompierre FR;2053;Belmont-Broye;FR;Street;real;true;26.09.2023;2565875;1188807
10261145;Senda Muretg;7112 Duvin;3619;Ilanz/Glion;GR;Street;real;true;16.04.2024;2738928;1171859
10261493;Via da Salez;7550 Scuol, 7551 Ftan;3762;Scuol;GR;Street;real;true;16.04.2024;2815987;1187501
10261487;Via da Teas;7546 Ardez;3762;Scuol;GR;Street;real;true;16.04.2024;2809083;1184864
10261115;Via Vitg;7156 Pigniu;3619;Ilanz/Glion;GR;Street;real;true;16.04.2024;2728054;1185564
10021895;Chemin du Village;3280 Meyriez;2271;Meyriez;FR;Street;real;true;26.09.2023;2574828;1197051
10261117;Via Cuolms Fry;7156 Rueun;3619;Ilanz/Glion;GR;Street;real;true;16.04.2024;2728983;1184281
10259817;Via Engiadina;7545 Guarda, 7546 Ardez, 7550 Scuol, 7551 Ftan, 7554 Sent;3762;Scuol;GR;Street;real;true;16.04.2024;2823273;1190015
10259532;Via Bosciol;6556 Leggia;3832;Grono;GR;Street;real;true;16.04.2024;2732981;1124707
10261135;Via Bosch;7141 Luven;3619;Ilanz/Glion;GR;Street;real;true;16.04.2024;2732838;1179744
10089544;Route de Lieffrens;1688 Sommentier;2113;Vuisternens-devant-Romont;FR;Street;real;true;26.09.2023;2559296;1165890
